{"N":51,"T":0.5,"alpha":0.1,"dtSafe":0.0016,"dtBig":0.05,"xs":[0,0.02,0.04,0.06,0.08,0.1,0.12,0.14,0.16,0.18,0.2,0.22,0.24,0.26,0.28,0.3,0.32,0.34,0.36,0.38,0.4,0.42,0.44,0.46,0.48,0.5,0.52,0.54,0.56,0.58,0.6,0.62,0.64,0.66,0.68,0.7000000000000001,0.72,0.74,0.76,0.78,0.8,0.8200000000000001,0.84,0.86,0.88,0.9,0.92,0.9400000000000001,0.96,0.98,1],"finalFtcs":[0,0.03829450769178724,0.07643788445681139,0.11427959581303217,0.15167029781396,0.18846242644098407,0.22451077997113825,0.2596730920219652,0.2938105930119326,0.32678855782057376,0.35847683748698794,0.38875037284832975,0.4174896880911907,0.44458136226805145,0.46991847691794447,0.49340103802477325,0.5149363706480109,0.534439484668351,0.5518334102048807,0.5670495013800358,0.580027707233519,0.5907168087160047,0.5990746208273275,0.6050681591014052,0.6086737697808572,0.6098772231675785,0.6086737697808572,0.6050681591014053,0.5990746208273277,0.590716808716005,0.5800277072335193,0.5670495013800361,0.551833410204881,0.5344394846683512,0.5149363706480111,0.4934010380247735,0.4699184769179447,0.44458136226805167,0.41748968809119097,0.38875037284833003,0.3584768374869882,0.326788557820574,0.29381059301193285,0.2596730920219654,0.22451077997113847,0.18846242644098427,0.15167029781396013,0.11427959581303228,0.07643788445681146,0.03829450769178727,0],"finalBtcs":[0,0.03879410859619199,0.07743511456909716,0.11577051952153684,0.15364903112394437,0.1909211601960709,0.22743981067248475,0.26306086012353996,0.2976437285407628,0.3310519331419202,0.36315362700620823,0.3938221194138134,0.4229363758363044,0.45038149560462004,0.47604916536951736,0.49983808656487727,0.521654375186866,0.5414119323112067,0.5590327838862988,0.5744473884611769,0.5875949116338468,0.5984234661368778,0.6068903166127427,0.6129620482707493,0.6166146987599537,0.6178338527376123,0.6166146987599538,0.6129620482707494,0.6068903166127428,0.5984234661368779,0.5875949116338468,0.5744473884611769,0.5590327838862988,0.5414119323112067,0.521654375186866,0.49983808656487727,0.47604916536951736,0.45038149560462,0.4229363758363043,0.3938221194138133,0.3631536270062081,0.3310519331419201,0.29764372854076276,0.26306086012353996,0.22743981067248473,0.19092116019607083,0.15364903112394432,0.11577051952153682,0.07743511456909713,0.03879410859619198,0],"analytical":[0,0.03833348817805929,0.07651569159118468,0.11439592252629399,0.1518246850177178,0.18865426483947736,0.2247393124658508,0.259937416699547,0.29410966670363964,0.3271212002191786,0.35884173580491324,0.3891460869986208,0.41791465637088093,0.4450339075214904,0.47039681315576515,0.493903277472376,0.5154605311957473,0.5349834976940055,0.5523951287375768,0.5676267085733498,0.5806181251143597,0.5913181071747328,0.5996844268136334,0.605684065989655,0.6092933468679439,0.6104980252657972,0.6092933468679439,0.6056840659896549,0.5996844268136334,0.5913181071747328,0.5806181251143598,0.5676267085733498,0.5523951287375768,0.5349834976940054,0.5154605311957473,0.493903277472376,0.47039681315576515,0.44503390752149036,0.41791465637088104,0.3891460869986209,0.3588417358049133,0.3271212002191786,0.2941096667036398,0.2599374166995471,0.22473931246585094,0.18865426483947742,0.1518246850177178,0.11439592252629398,0.07651569159118485,0.03833348817805942,7.476444525275385e-17]}