{
  "signal": [
    0.5101103751920164,
    0.17810581100475364,
    1.1408115928316682,
    1.1225384176265645,
    0.15075814497959183,
    0.5026592542184518,
    -1.014970950046924,
    -0.7840735537142188,
    -0.7600005542768787,
    -0.9950620439698898,
    0.4749923734227193,
    0.2214826384542915,
    1.1301387699809113,
    1.0862651648255266,
    0.15300213889986575,
    0.5000729487743232,
    -0.9736325476881083,
    -0.7854859292649363,
    -0.8461637239114068,
    -0.99521555710621,
    0.5337337425909932,
    0.1383976817347515,
    1.1147974125364977,
    1.058718809045313,
    0.15997235379018182,
    0.4561781392432756,
    -1.0237248487634545,
    -0.7681932897914837,
    -0.7935144584768135,
    -1.0395813885474565,
    0.46730052344500944,
    0.21754556763753632,
    1.1043390052182778,
    1.1364673118595245,
    0.16522292967256447,
    0.49498957286123274,
    -1.0385498281199441,
    -0.8414087456560402,
    -0.7908880411789431,
    -0.9826207982007407,
    0.4745174673618739,
    0.19784619556576372,
    1.0765160623494705,
    1.0859279769262515,
    0.20713889237795302,
    0.5358710919274028,
    -0.9914941205507096,
    -0.8261290093094753,
    -0.8181273208374763,
    -1.0129945857780052,
    0.45746946297585844,
    0.1992627344543536,
    1.1236419067042114,
    1.1248738251416157,
    0.22606074514169516,
    0.45879680255894106,
    -0.9479202248020044,
    -0.8034342694005587,
    -0.7523185640250003,
    -1.028563908706799,
    0.4610943165607736,
    0.134861045631806,
    1.091609582074375,
    1.1037372652463924
  ],
  "kernel": [
    0.0625,
    0.125,
    0.1875,
    0.25,
    0.1875,
    0.125,
    0.0625
  ],
  "y": [
    0.031881898449501025,
    0.07489541008679915,
    0.18920964627607656,
    0.3736825335670142,
    0.5038140080201743,
    0.6430984594863934,
    0.5763457774707214,
    0.32027119614459,
    0.029733710503205765,
    -0.37469594647580595,
    -0.5512664868080529,
    -0.5458265169209692,
    -0.36533042056424403,
    0.03885620747896596,
    0.32979573814764496,
    0.575299901200794,
    0.5711846491335173,
    0.32000200313587335,
    0.02649588037020316,
    -0.3778776684080024,
    -0.5565551166894502,
    -0.5605053959027639,
    -0.3794477376623788,
    0.023436350080009702,
    0.3087499578799037,
    0.5561821185865999,
    0.5473965669340551,
    0.29605811121974046,
    0.008486816538789216,
    -0.3924307272233655,
    -0.5665015438912442,
    -0.5647816757925095,
    -0.3848530404461444,
    0.024563609162577917,
    0.3219113233974934,
    0.5749906093695762,
    0.5755235017770768,
    0.3164360968144183,
    0.016471605784318444,
    -0.3931837837636357,
    -0.5743419152603375,
    -0.5669293593359537,
    -0.38304711126282476,
    0.02247008344711446,
    0.316709411252945,
    0.5671218612550153,
    0.5715709183552984,
    0.3272321153704116,
    0.03552533499605552,
    -0.3741121062574911,
    -0.5639386871093658,
    -0.5701747223362682,
    -0.39097104251585096,
    0.018653517843630604,
    0.32325480936806644,
    0.5799899961637998,
    0.5858919730190391,
    0.3376579182829162,
    0.04273820158851008,
    -0.36136243881654145,
    -0.5479270371672811,
    -0.5553289224196117,
    -0.3863365917178132,
    0.00888460681016863,
    0.2872240017179285,
    0.4984911240841776,
    0.5262871384395674,
    0.3518307503449833,
    0.20619275703544748,
    0.06898357907789952
  ],
  "meta": {
    "signalLen": 64,
    "kernelLen": 7,
    "mode": "full"
  },
  "ticks": 70,
  "seed": 42
}