{"params":{"xMax":50,"aMax":50,"unitCost":1,"fixedCost":10,"unitPrice":2,"holdCost":0.1,"lostCost":0.5,"gamma":0.95,"demandLambda":20,"dMax":50},"days":5000,"seed":1,"iterations":410,"finalDelta":9.50143430600292e-9,"V":[240.903269173471,241.90326917347105,242.90326917347107,243.903269173471,244.903269173471,245.90326917347102,246.90326917347102,247.903269173471,248.903269173471,249.903269173471,250.90326917347107,251.90326917347105,252.9032691734711,253.90326917347096,254.90326917347113,255.94492690395379,258.18668023586105,260.3219078704624,262.3318116553761,264.2024697103816,265.92656699996513,267.50415415222955,268.94236491968985,270.25428933339396,271.4573819928537,272.571829385685,273.6192020718064,274.62152124068086,275.60065281914285,276.5777913430273,277.5727702445221,278.60304401263824,279.68238300331046,280.8195186353613,282.01709084478887,283.27123371860796,284.57199716490356,285.9045973649179,287.2512910668169,288.5935406016222,289.914106421613,291.19876351477905,292.4374530697692,293.62480926143604,294.76010880942897,295.84675987012884,296.89147495467705,297.9032691734712,298.8924037844919,299.86936807973984,300.84396802722864],"policy":[47,46,45,44,43,42,41,40,39,38,37,36,35,34,33,0,0,0,0,0,0,0,0,0,0,0,0,0,0,0,0,0,0,0,0,0,0,0,0,0,0,0,0,0,0,0,0,0,0,0,0],"structure":{"kind":"s-S","S":47,"reorderPoint":14,"perState":[47,46,45,44,43,42,41,40,39,38,37,36,35,34,33,0,0,0,0,0,0,0,0,0,0,0,0,0,0,0,0,0,0,0,0,0,0,0,0,0,0,0,0,0,0,0,0,0,0,0,0]},"simulation":{"meanReward":12.963600000000007,"meanInventory":16.4008,"meanLost":0.4148,"meanLeftover":16.408}}