{"params":{"xMax":50,"aMax":50,"unitCost":1,"fixedCost":0,"unitPrice":2,"holdCost":0.1,"lostCost":0.5,"gamma":0.95,"demandLambda":20,"dMax":50},"days":5000,"seed":1,"iterations":418,"finalDelta":9.716870863485383e-9,"V":[374.7847760795016,375.7847760795017,376.7847760795016,377.7847760795015,378.7847760795017,379.7847760795016,380.7847760795015,381.7847760795016,382.78477607950157,383.78477607950157,384.78477607950157,385.78477607950146,386.78477607950157,387.7847760795015,388.7847760795016,389.7847760795016,390.78477607950157,391.78477607950157,392.7847760795016,393.7847760795015,394.7847760795015,395.78477607950146,396.7847760795015,397.7847760795016,398.7847760795015,399.7847760795016,400.78477607950174,401.76328926826835,402.6998824441294,403.606532744174,404.4925327182831,405.3647654550924,406.22811460700103,407.0859062365711,407.9403136827309,408.79268805686314,409.6438007495973,410.4940002057486,411.34329543902646,412.191385810709,413.0376616424857,413.88120261801134,414.7207989645519,415.5550129026194,416.3822854654759,417.2010793894092,418.01003653684245,418.80812203184996,419.59472878744594,420.36972455861417,421.13343606196725],"policy":[26,25,24,23,22,21,20,19,18,17,16,15,14,13,12,11,10,9,8,7,6,5,4,3,2,1,0,0,0,0,0,0,0,0,0,0,0,0,0,0,0,0,0,0,0,0,0,0,0,0,0],"structure":{"kind":"base-stock","S":26,"reorderPoint":25,"perState":[26,25,24,23,22,21,20,19,18,17,16,15,14,13,12,11,10,9,8,7,6,5,4,3,2,1,0,0,0,0,0,0,0,0,0,0,0,0,0,0,0,0,0,0,0,0,0,0,0,0,0]},"simulation":{"meanReward":19.021819999999973,"meanInventory":6.2428,"meanLost":0.2096,"meanLeftover":6.2458}}