{
  "modelId": "iterative-learning-control",
  "params": {
    "trials": 30,
    "horizon": 80,
    "dt": 0.1,
    "plantRate": 1.2,
    "plantGain": 1,
    "learningGain": 0.8,
    "feedbackGain": 0.8,
    "controlMax": 5,
    "referenceKind": "sine",
    "referenceAmplitude": 1,
    "initialOutput": 0
  },
  "runtimeMs": 2,
  "summaryText": "ITERATIVE LEARNING CONTROL (DES)\n--------------------------------\n  Trials:         30\n  Reference:      sine  amplitude=1\n  Initial RMS:    0.505234\n  Final RMS:      0.002392\n  Improvement:    99.5% RMS reduction\n  Stations:       ilc-trial-source -> ilc-controller-program-station -> ilc-plant-trial-station -> ilc-learning-update-station -> ilc-result-sink\n  Movables:       ILCTrialPlanToken, ILCControlProgramToken, ILCTrialResultToken",
  "result": {
    "referenceTrajectory": [
      0,
      0.14280937673460037,
      0.28351666721610586,
      0.42006335422209606,
      0.5504770186109114,
      0.6729118142893409,
      0.7856859261026423,
      0.8873151227003043,
      0.9765416135340149,
      1.0523575358593764,
      1.114022531004776,
      1.1610750158852763,
      1.1933369120880148,
      1.2109117569086345,
      1.214176284403842,
      1.2037657257319525,
      1.180553232734069,
      1.145623972982462,
      1.1002445747729122,
      1.045828713502695,
      0.9838997237312953,
      0.9160511916512463,
      0.8439065289528913,
      0.7690785500113481,
      0.6931300694579107,
      0.6175365066745873,
      0.5436514283703229,
      0.4726758815886629,
      0.4056322692783595,
      0.343343401489647,
      0.28641722037364026,
      0.23523754989293966,
      0.18996106524181589,
      0.15052051638485853,
      0.11663407893096478,
      0.08782054785567406,
      0.06341993936997758,
      0.042618927317696204,
      0.024480416388742834,
      0.00797644830823993,
      -0.007976448308239882,
      -0.024480416388742682,
      -0.04261892731769626,
      -0.06341993936997747,
      -0.08782054785567378,
      -0.11663407893096489,
      -0.15052051638485836,
      -0.18996106524181605,
      -0.2352375498929395,
      -0.2864172203736397,
      -0.34334340148964715,
      -0.40563226927835894,
      -0.47267588158866314,
      -0.5436514283703231,
      -0.6175365066745868,
      -0.693130069457911,
      -0.7690785500113477,
      -0.8439065289528902,
      -0.9160511916512467,
      -0.9838997237312951,
      -1.0458287135026942,
      -1.1002445747729122,
      -1.145623972982462,
      -1.180553232734069,
      -1.2037657257319525,
      -1.214176284403842,
      -1.2109117569086345,
      -1.1933369120880148,
      -1.161075015885276,
      -1.114022531004776,
      -1.0523575358593764,
      -0.9765416135340145,
      -0.8873151227003049,
      -0.7856859261026424,
      -0.6729118142893407,
      -0.550477018610912,
      -0.42006335422209634,
      -0.2835166672161057,
      -0.14280937673460126,
      -4.4087284769304716e-16,
      0.1428093767346004
    ],
    "trialSummaries": [
      {
        "trial": 0,
        "rmsError": 0.5052344900634911,
        "maxAbsError": 0.8523453808676289,
        "maxAbsControl": 0.6818763046941032,
        "finalOutput": -0.18020993468485605,
        "finalReference": 0.1428093767346004
      },
      {
        "trial": 1,
        "rmsError": 0.33429060789876985,
        "maxAbsError": 0.5906684660670765,
        "maxAbsControl": 1.1532892556123184,
        "finalOutput": -0.1941793480334431,
        "finalReference": 0.1428093767346004
      },
      {
        "trial": 2,
        "rmsError": 0.22519405196278022,
        "maxAbsError": 0.4179439154239669,
        "maxAbsControl": 1.4750632581546976,
        "finalOutput": -0.1586921115451953,
        "finalReference": 0.1428093767346004
      },
      {
        "trial": 3,
        "rmsError": 0.15506078340063564,
        "maxAbsError": 0.30381684906098705,
        "maxAbsControl": 1.6961761736614265,
        "finalOutput": -0.10449245563173006,
        "finalReference": 0.1428093767346004
      },
      {
        "trial": 4,
        "rmsError": 0.10928120954936162,
        "maxAbsError": 0.22975076607020922,
        "maxAbsControl": 1.8448945226226083,
        "finalOutput": -0.04813647650184852,
        "finalReference": 0.1428093767346004
      },
      {
        "trial": 5,
        "rmsError": 0.07872225840423386,
        "maxAbsError": 0.17967574898997302,
        "maxAbsControl": 1.9408816963392677,
        "finalOutput": 0.0023702548845158378,
        "finalReference": 0.1428093767346004
      },
      {
        "trial": 6,
        "rmsError": 0.057798544719511374,
        "maxAbsError": 0.14392079099261657,
        "maxAbsControl": 2.005434466689555,
        "finalOutput": 0.04395843138991112,
        "finalReference": 0.1428093767346004
      },
      {
        "trial": 7,
        "rmsError": 0.04313842206552857,
        "maxAbsError": 0.11972772942014287,
        "maxAbsControl": 2.042557202148245,
        "finalOutput": 0.07623735908612922,
        "finalReference": 0.1428093767346004
      },
      {
        "trial": 8,
        "rmsError": 0.03269376101650768,
        "maxAbsError": 0.09885385564898855,
        "maxAbsControl": 2.0618290257607117,
        "finalOutput": 0.10012784648843182,
        "finalReference": 0.1428093767346004
      },
      {
        "trial": 9,
        "rmsError": 0.025181851596121636,
        "maxAbsError": 0.08625482928339212,
        "maxAbsControl": 2.072122878312611,
        "finalOutput": 0.1170671807859471,
        "finalReference": 0.1428093767346004
      },
      {
        "trial": 10,
        "rmsError": 0.01975808454959496,
        "maxAbsError": 0.07503898246013757,
        "maxAbsControl": 2.070460970020188,
        "finalOutput": 0.12857293761413907,
        "finalReference": 0.1428093767346004
      },
      {
        "trial": 11,
        "rmsError": 0.015834712225962225,
        "maxAbsError": 0.06506564022119002,
        "maxAbsControl": 2.0616494415146174,
        "finalOutput": 0.136025510821271,
        "finalReference": 0.1428093767346004
      },
      {
        "trial": 12,
        "rmsError": 0.01298507189993199,
        "maxAbsError": 0.05620778325272924,
        "maxAbsControl": 2.053749426385563,
        "finalOutput": 0.14057907349432353,
        "finalReference": 0.1428093767346004
      },
      {
        "trial": 13,
        "rmsError": 0.010894285441365906,
        "maxAbsError": 0.04835076330180654,
        "maxAbsControl": 2.0412019114742037,
        "finalOutput": 0.14314402372194948,
        "finalReference": 0.1428093767346004
      },
      {
        "trial": 14,
        "rmsError": 0.00933242462434002,
        "maxAbsError": 0.04444125416956521,
        "maxAbsControl": 2.0258638800183655,
        "finalOutput": 0.1444059116040717,
        "finalReference": 0.1428093767346004
      },
      {
        "trial": 15,
        "rmsError": 0.00813635144014243,
        "maxAbsError": 0.040885953835999994,
        "maxAbsControl": 2.009154415514546,
        "finalOutput": 0.14486004320358029,
        "finalReference": 0.1428093767346004
      },
      {
        "trial": 16,
        "rmsError": 0.0071941434031738815,
        "maxAbsError": 0.03761507752912001,
        "maxAbsControl": 1.9921366263808862,
        "finalOutput": 0.14484997566801694,
        "finalReference": 0.1428093767346004
      },
      {
        "trial": 17,
        "rmsError": 0.006431030650540484,
        "maxAbsError": 0.0346058713267904,
        "maxAbsControl": 1.9756508083956803,
        "finalOutput": 0.14460371869933655,
        "finalReference": 0.1428093767346004
      },
      {
        "trial": 18,
        "rmsError": 0.0057976548708990735,
        "maxAbsError": 0.03183740162064716,
        "maxAbsControl": 1.960264199498001,
        "finalOutput": 0.14426483529113968,
        "finalReference": 0.1428093767346004
      },
      {
        "trial": 19,
        "rmsError": 0.005261251249615998,