{
  "modelId": "neural-ode-decay",
  "params": {
    "rate": 0.5,
    "y0": 1,
    "t1": 2,
    "dt": 0.05,
    "solver": "rk4"
  },
  "runtimeMs": 0,
  "summaryText": "NEURAL ODE DECAY\n────────────────────────────────\n  Equation:                y' = -0.5 y\n  Solver:                  rk4\n  Steps recorded:          41\n  Final y:                 0.367879\n  Exact y:                 0.367879\n  Abs error:               1.223e-9",
  "result": {
    "trace": {
      "t": [
        0,
        0.05,
        0.1,
        0.15000000000000002,
        0.2,
        0.25,
        0.3,
        0.35,
        0.39999999999999997,
        0.44999999999999996,
        0.49999999999999994,
        0.5499999999999999,
        0.6,
        0.65,
        0.7000000000000001,
        0.7500000000000001,
        0.8000000000000002,
        0.8500000000000002,
        0.9000000000000002,
        0.9500000000000003,
        1.0000000000000002,
        1.0500000000000003,
        1.1000000000000003,
        1.1500000000000004,
        1.2000000000000004,
        1.2500000000000004,
        1.3000000000000005,
        1.3500000000000005,
        1.4000000000000006,
        1.4500000000000006,
        1.5000000000000007,
        1.5500000000000007,
        1.6000000000000008,
        1.6500000000000008,
        1.7000000000000008,
        1.7500000000000009,
        1.800000000000001,
        1.850000000000001,
        1.900000000000001,
        1.950000000000001,
        2.000000000000001
      ],
      "y": [
        [
          1
        ],
        [
          0.975309912109375
        ],
        [
          0.9512294246587968
        ],
        [
          0.9277434865598224
        ],
        [
          0.9048374183367055
        ],
        [
          0.882496902951246
        ],
        [
          0.8607079768541754
        ],
        [
          0.8394570212574838
        ],
        [
          0.8187307536222342
        ],
        [
          0.7985162193565436
        ],
        [
          0.778800783718541
        ],
        [
          0.7595721239192426
        ],
        [
          0.7408182214204078
        ],
        [
          0.7225273544225614
        ],
        [
          0.7046880905384877
        ],
        [
          0.6872892796476158
        ],
        [
          0.6703200469268318
        ],
        [
          0.6537697860533604
        ],
        [
          0.6376281525754679
        ],
        [
          0.6218850574468427
        ],
        [
          0.6065306607206138
        ],
        [
          0.591555365399063
        ],
        [
          0.5769498114351893
        ],
        [
          0.562704869882375
        ],
        [
          0.5488116371884965
        ],
        [
          0.5352614296309147
        ],
        [
          0.5220457778888659
        ],
        [
          0.5091564217498601
        ],
        [
          0.49658530494677994
        ],
        [
          0.4843245701224511
        ],
        [
          0.4723665539185386
        ],
        [
          0.46070378218569824
        ],
        [
          0.44932896531199
        ],
        [
          0.4382349936666334
        ],
        [
          0.4274149331562567
        ],
        [
          0.41686202089086316
        ],
        [
          0.4065696609568042
        ],
        [
          0.3965314202941191
        ],
        [
          0.3867410246756629
        ],
        [
          0.3771923547855104
        ],
        [
          0.36787944239418435
        ]
      ]
    },
    "exactFinal": 0.36787944117144233,
    "error": 1.2227420187471694e-9
  }
}