{"tool": "python value iteration", "gamma": 0.95, "iterations": 64, "finalDelta": 6.66773303237278e-11, "V": [74.68016907698025, 79.66333587051311, 82.4947142347312, 84.35501539623262, 100.0, 100.0, 100.0, 100.0, 94.66448939675428, 100.6994625229044, 103.63656788306369, 105.43626802129742, 150.0, 150.0, 150.0, 150.0, 128.8575995, 136.69221, 138.80899999999997, 139.02559999999997, 200.0, 200.0, 200.0, 200.0, 73.97060791603262, 78.91642938529992, 83.44633386880558, 86.66996308232278, 72.76717081854181, 77.6496534932045, 81.62592885009498, 84.50178555266707, 77.10448469267808, 82.2152470449246, 85.1959259713008, 87.17368657208593, 100.0, 100.0, 100.0, 100.0, 97.0095561930378, 103.16795388740852, 106.3299029066085, 108.34874759531449, 150.0, 150.0, 150.0, 150.0, 86.94299392698008, 92.57157255471587, 97.40083877419576, 100.33146938875805, 83.57623851527866, 89.02761948976703, 93.70072850289156, 96.55188872973822, 76.36211806152195, 81.43380848581259, 86.25744077977583, 89.80941034282323, 73.89330600040358, 78.83505894779326, 82.9511841662631, 86.03851659006303, 82.82688103196908, 88.23882213891483, 91.51266905901547, 93.65152591084798, 100.0, 100.0, 100.0, 100.0, 71.76506532139544, 76.59480560149728, 81.11392735266375, 84.47881813009312, 68.17847063896131, 72.81944277789412, 76.72030402052907, 80.03190482664404, 77.3545558406115, 82.47847983222447, 85.44867113492494, 87.38772681047033, 100.0, 100.0, 100.0, 100.0, 96.60861100371103, 102.74590631969767, 105.86241040439637, 107.8445856184467, 150.0, 150.0, 150.0, 150.0, 85.45777696158775, 91.00818627535627, 95.84427512405459, 98.85259728098745, 80.8732137353789, 86.18233024776815, 90.91196885775499, 93.96193192511261, 76.35339108401449, 81.42462219370019, 86.28607355107329, 89.83949799011167, 71.88938618384157, 76.72566966720252, 81.39724674712451, 84.89116041167162, 82.14099862073186, 87.51684065340204, 90.64588230014404, 92.60434167749676, 100.0, 100.0, 100.0, 100.0, 100.9602235077278, 107.3265510607661, 112.08413491771013, 114.36764130303104, 95.8278317404265, 101.92403341097527, 106.66487103246891, 109.10104623324573, 87.3762788409794, 93.02766193787305, 98.19033050412314, 101.52207721456902, 82.31083045598936, 87.69561100630459, 92.64735913987299, 95.98891957814952, 87.3762788409794, 93.02766193787305, 98.19033050412315, 101.52207721456902, 82.31083045598938, 87.6956110063046, 92.64735913987302, 95.98891957814953, 82.1680604300859, 87.54532676852295, 92.34667049328718, 95.51480812033152, 75.01530945335024, 80.01611521406731, 84.75007560286598, 88.19250386417555, 75.03469972574504, 80.03652602711152, 84.7507505794648, 88.17206035415262, 68.21432066152568, 72.85717964372569, 77.43984423636057, 81.06340588903751, 81.69597884364082, 87.04839878278015, 90.06999497379809, 91.809598864204, 100.0, 100.0, 100.0, 100.0, 97.67057606312986, 103.86376427697915, 108.68305843762576, 111.2010594159154, 89.57429098020975, 95.341358926537, 100.30641716534217, 103.29393921779999, 86.74289478160999, 92.36094187537928, 97.2547642082158, 100.32410166839011, 79.15577423942271, 84.37449919939276, 89.26001531290804, 92.70407513888856, 83.88955049987366, 89.35742157881471, 94.21639624268686, 97.38700256191856, 76.4353787226929, 81.5109249712561, 86.33592276630587, 89.85243594883336, 115.21806044720775, 122.33480047074501, 126.60670682225809, 128.1263785947632, 106.05377773176404, 112.68818708606742, 117.52630866299617, 119.65708681921024, 98.47781371920857, 104.71348812548271, 109.5585962236344, 112.08910440091134, 90.09352630353906, 95.88792242477797, 100.94016614400896, 104.02306555344614, 98.47781371920857, 104.71348812548271, 109.5585962236344, 112.08910440091134, 90.09352630353906, 95.88792242477797, 100.94016614400896, 104.02306555344614, 78.56118464622107, 83.74861541707968, 86.98680229033096, 89.17109291416013, 100.0, 100.0, 100.0, 100.0, 93.1638766112727, 99.11987011713249, 102.28735536984259, 104.38889561583927, 150.0, 150.0, 150.0, 150.0, 126.69899999999998, 134.42, 135.55999999999997, 135.55999999999997, 200.0, 200.0, 200.0, 200.0, 83.2847001881499, 88.72073704015865, 93.45498320896576, 96.48207054558809, 80.2733342697517, 85.55087817868697, 89.65725218034756, 92.30983503545973, 81.79145195560082, 87.14889679536948, 90.59234312312401, 92.91428312051302, 100.0, 100.0, 100.0, 100.0, 96.28854922456782, 102.40899918375578, 105.91612817841225, 108.28891796739687, 150.0, 150.0, 150.0, 150.0, 97.86742461765616, 104.07097328174335, 108.85296160217291, 111.29820690608801, 93.38140807974622, 99.3488506102592, 103.93558096406379, 106.30649052401941, 86.18972221611759, 91.77865496433431, 96.93734612778889, 100.33446441502083, 81.49231370794227, 86.83401442941292, 91.73205910558774, 95.00158780601805, 89.41623055558838, 95.17497953219831, 98.99898762789084, 101.47669870447142, 100.0, 100.0, 100.0, 100.0, 81.49311094975724, 86.83485363133168, 91.62059352253529, 94.77569207376295, 76.07578054592317, 81.13240057466729, 85.75961411516222, 88.92774958946957, 82.12465801547447, 87.4996400162901, 90.91884128391307, 93.18095959039861, 100.0, 100.0, 100.0, 100.0, 95.75431179708612, 101.84664399693395, 105.28341762277113, 107.6153267896852, 150.0, 150.0, 150.0, 150.0, 96.56421083875834, 102.69916930395638, 107.51371352158606, 110.0299963014287, 90.45553232282404, 96.2689813924467, 101.00394060384443, 103.61980594791305, 86.67907395239448, 92.29376205515231, 97.38014349111792, 100.65598446955751, 80.73103277961263, 86.0326660838031, 90.89028635183307, 94.13797618538929, 88.50232994101525, 94.21297888527924, 97.79897598586139, 100.03953726347915, 100.0, 100.0, 100.0, 100.0, 113.48171429371122, 120.50706767759077, 124.81869535056096, 126.3835240774468, 106.64308435726713, 113.30850984975487, 117.71073412608304, 119.51320401229853, 98.7611049655888, 105.0116894374619, 110.29880580837548, 113.13356756482004, 92.01167340664138, 97.90702463856988, 102.94251624265502, 105.87836998774527, 98.7611049655888, 105.0116894374619, 110.29880580837549, 113.13356756482004, 92.01167340664139, 97.9070246385699, 102.94251624265505, 105.87836998774529, 93.64532044492229, 99.62665309992198, 104.45606168110409, 107.14929124411043, 84.11467290763743, 89.59439253436086, 94.4727890794136, 97.63090096019084, 85.84075657780069, 91.4113227134782, 96.29246566166583, 99.37993673337456, 76.75297634566746, 81.84523825860302, 86.6550090008291, 90.12109866397894, 87.90936554782304, 93.58880583981396, 96.99670502497112, 98.91267527975361, 100.0, 100.0, 100.0, 100.0, 110.66182507390859, 117.53876323569337, 121.97949899609188, 123.75616395222413, 99.8739701999312, 106.18312652624353, 111.06884935137593, 113.5209064686814, 98.70591957353591, 104.95359955109053, 109.80041999903186, 112.30147444547259, 88.59649846469222, 94.31210364704458, 99.32171004545465, 102.42591016771492, 95.58409402668727, 101.66746739651302, 106.53498159125655, 109.19373264117826, 85.65181983990423, 91.21244193674144, 96.19459801402084, 99.42198924923017, 129.9230118591413, 137.81369669383295, 140.91564312169245, 141.611880470898, 117.71210884056205, 124.96011456901269, 129.26964741020808, 130.63547241761566, 111.60761605130854, 118.53433268558794, 122.97968951346395, 124.7456467721872, 100.43601389851773, 106.77475147212392, 111.77949714667926, 114.32809888135192, 111.60761605130854, 118.53433268558794, 122.97968951346395, 124.7456467721872, 100.43601389851773, 106.77475147212392, 111.77949714667926, 114.32809888135192, 83.73242457858312, 89.19202587219588, 93.05318837651822, 95.598223022145, 100.0, 100.0, 100.0, 100.0, 91.1643925533331, 97.01515005614225, 100.62188922662575, 103.10655554873868, 150.0, 150.0, 150.0, 150.0, 125.0, 131.0, 131.0, 131.0, 200.0, 200.0, 200.0, 200.0, 93.81867534415552, 99.80913194121663, 104.65161928236445, 107.3427928259991, 88.45884430951541, 94.16720453633248, 98.76083353723888, 101.31893061009414, 88.03657822198673, 93.72271391788088, 97.86846926092404, 100.56012975603066, 100.0, 100.0, 100.0, 100.0, 95.32784706804533, 101.39773375583731, 105.52729607860216, 