node,distance,predecessor
0,0.000000,-1
1,1.000000,0
2,3.000000,1
3,5.000000,2
4,6.000000,3